district,taluka,uc,scheme_name,type_of_scheme,scheme_category,population,status,lat,lon,contractor
Jamshoro,,Boobak,1 Rehablitation of road from Jaheja Khanbroth road to Rasool bux Rodnani and village Muhammad essa Rodnani and Haji Kareem Bux Rodnani,Road,Cat-A,,Ongoing,26.43727,67.70486,
Jamshoro,,Boobak,2 Rehbilitation of road from Sehwan Airport road to Bubak,Road,Cat-A,,Ongoing,26.47255,67.72467,
Jamshoro,,Boobak,3 Rehablitation of road from Pir Chattan to Bubak Jaheja Khmbroth road via Dhingano Balal,Road,Cat-A,,Ongoing,26.44836,67.75598,
Jamshoro,,Bahawalpur,4 Rehablitation of road from Jhangara Chhinni road to village Kot Barocho via Tahani,Road,Cat-A,,Ongoing,26.80236,67.67832,
Jamshoro,,Talti,5 Rehablitation of road from Pre-stressed Bridge at LS Bund to Village Bilawalpur,Road,Cat-A,,Ongoing,26.53375,67.81429,
Jamshoro,,Jhangara,6 Rehablitation of road from Kot Barocho to Shaikh Dhaman,Road,Cat-A,,Ongoing,26.37998,67.64141,
Jamshoro,,Jhangara,7 Rehablitation of road from Jhangara Byepass road,Road,Cat-A,,Ongoing,26.34475,67.72626,
Jamshoro,,Jhangara,8 Rehablitation of road from Sehwan Jhangara road to village Akri,Road,Cat-A,,Ongoing,26.30977,67.78666,
Jamshoro,,Janghara,9 Rehablitation of road from Chingiani to Rajab Shakhani,Road,Cat-A,,Ongoing,26.30973,67.78668,
Jamshoro,,Boobak,10 Rehablitation of road from Jaheja Khanbroth to Village Bilhan,Road,Cat-A,,Ongoing,26.41709,67.75457,
Jamshoro,,Talti,11 Rehablitation of road from Bubak Shah Bukhari to Village Sawan Laghari,Road,Cat-A,,Ongoing,26.51282,67.82671,
Jamshoro,,Channa,12 Rehablitation of road from Ghulam Nabi Chutto to village Hadi bux chutto,Road,Cat-A,,Ongoing,26.44913,67.28137,
Jamshoro,,Jhangara,1 Rehablitation of road from Jhangara to Naing Sharif via Kai (18' Wide) i/c 1300Rft High Level Causeway,Road,Cat-B,,Ongoing,26.33084,67.68874,
Jamshoro,,Amri,2 Rehablitation of road from I.H.Way Yaqoob Panhwar Old Alingment,Road,Cat-B,,Ongoing,26.24238,67.90702,
Jamshoro,,Boobak,3 Rehablitation of road from Indus Highway to Sehwan Airport dual carriage way,Road,Cat-B,,Ongoing,26.47456,67.71962,
Jamshoro,,Talti,"4 Rehablitation of road from Sukhya Mori to Ameerpir Mori via Bundhan Babrio links to Qadir Bux Chanwan Roshan Chawan Wadero Qaim Panhwar , Ali Muhammad Bughio (12' Wide)",Road,Cat-B,,Ongoing,26.63513,67.80257,
Dadu,,Chhini,1 Rehabilitation of road for Johi to Chhinni,Road,Cat-A,,Ongoing,26.52804,67.53173,
Dadu,,Sial,2 Rehabilitation of road from Dadu to Moro i/C Repair of 3900Rft Bridge over Indus River,Road,Cat-A,,Ongoing,26.72903,67.82977,
Dadu,,Butra,3 Rehabilitation of road from Dadu to Johi,Road,Cat-A,,Ongoing,26.72099,67.65677,
Dadu,,Phulji,1 Rehabilitation of road from I.H.Way to F.P Bund Via Bahawalpur,Road,Cat-B,,Ongoing,26.82058,67.61272,
Dadu,,Chhini,2 Rehabilitation of road for Johi to Wahi Pandhi,Road,Cat-B,,Ongoing,26.68392,67.56654,
Dadu,,Tharri Muhabat,3 Road from Mehar Radhan to Village Butt Sarai,Road,Cat-B,,Ongoing,27.19362,67.88673,
Shaheed Benazirabad,,Ghandtar,"1 Improvement / Rehabilitation of road from Nawabshah-Jam Sahib road @ Bhutta Water Stop to connect Nawabshah - Sanghar via village Gul Muhammad Bhutto, Zanwar Umaid Ali Zardari",Road,Cat-A,,Ongoing,26.21993,68.53425,
Shaheed Benazirabad,,Sarhari,2 Improvement / Rehabilitation of road from Nawaz Dahri Gupchani road @ mile 5/2 to Connect Gupchani Shahdadpur road,Road,Cat-A,,Ongoing,26.19238,68.55053,
Shaheed Benazirabad,,60th Mile,"3 Improvement / Rehabilitation of road from 60th mile Desert area @ mile 1/2 road to connect village Jamal Din Chandio via Bullo Khan Jamali, Mehboob Ali Chandio, Darghah Qaim Din Shah, village Malik Muhammad Bux Brohi Road",Road,Cat-A,,Ongoing,26.44343,68.42188,
Shaheed Benazirabad,,Daur,"4 Improvement / Rehabilitation of road from Daur Jamal Shah road to village Saeed Khan Mashori via Dr. Azam Khan Zardari, village Haji Riaz Hussain Zardari, village Ashraf Chandio, village Meer Hassan Zardari, village Ahmed Bux Chandio, village Sain Bux Shahi road",Road,Cat-A,,Ongoing,26.39473,68.17975,
Shaheed Benazirabad,,Daur,"5 Improvement / Rehabilitationof road from Sui Gas Head Quarter road to connect Rab Nawaz Mori, road",Road,Cat-A,,Ongoing,26.51605,68.4056,
Shaheed Benazirabad,,Daur,6 Improvement / Rehabilitation of road from Lashari Stop road to connect Daur Jamal Shah road via Nathiyani road,Road,Cat-A,,NIT,26.41221,68.27581,
Shaheed Benazirabad,,Bucheri,7 Improvement / Rehabilitation of road from Trimore - Sijawal Minor to Durai Mahar Road Via Lal Bux Shahani Road,Road,Cat-A,,NIT,26.36462,68.21381,
Shaheed Benazirabad,,Daur,1 Improvement / Rehabilitation of road from Daur fly over Bridge to 60th mile road (Town Portion),Road,Cat-B,,NIT,26.46937,68.31661,
Shaheed Benazirabad,,Daulatpur,2 Improvement / Rehabilitation of road from Daulatpur Pubjo road,Road,Cat-B,,NIT,26.46249,68.07733,
Shaheed Benazirabad,,Ghandtar,"3 Improvement / Rehabilitation Various city roads of Nawabshah (i) Civil Hospital Chowk to Taj Colony Phatak via Allah Wala Chowk Katchery road I/c link to Civil Hospital road & Police line road, (ii) Dual Carriageway Nawabshah to Kazi Ahmed road from Kazi Ahmed Mour to Bilawal Chowk, (iii) Dual Carriageway of Nawabshah of Sanghar road from Gajrawah to Sugar Mill Phatak via Sanghar Bus Stop, (iv) Nawabshah Kazi Ahmed Road @ Bilawal Cricket Stadium to Keerio House via FBR Office",Road,Cat-B,,NIT,26.27047,68.39572,
Shaheed Benazirabad,,Nawabshah-Sarhari,4 Improvement / Rehabilitation of road from Nawabshah - Varr road @ Caddet college to connect Sabzi Mandi Sarhari road,Road,Cat-B,,Ongoing,26.20091,68.41535,
Shaheed Benazirabad,,Bucheri,5 Improvement / Rehabilitation of road from Trimore to connect Lashari Stop Keeria Mori road via Liaque Zardari Road,Road,Cat-B,,NIT,26.36859,68.28455,
Naushero Feroze,,Minahi,1 Widening / Reconditioning / Rehablitation / Paver Block of road from Jamali House National Highway to connect National Highway Bypass i/c Gachero link,Road,Cat-A,,Ongoing,26.67784,68.00671,
Naushero Feroze,,Minahi,2 Reconditioning of road from Douro Behan to Tindo Lashari to Abdul Sattar Magsi road,Road,Cat-A,,Ongoing,26.70975,68.04284,
Naushero Feroze,,Khan Wahan,3 Reconditioniong of road from Mohabbat Dero to Bhunwar via Rustam Sindh Sher Merbhar,Road,Cat-A,,Ongoing,27.16719,68.21035,
Naushero Feroze,,Lakha Road,4 Reconditioning of road from Lakha road Akri to Village Meher Hajio,Road,Cat-A,,Ongoing,26.97594,68.3932,
Naushero Feroze,,Minahi,5 Reconditioning Road from Moro Mithiani road to Golo Poto road.,Road,Cat-A,,Ongoing,26.71801,67.99978,
Naushero Feroze,,Khan wahan,6 Construction / Reconditioning of road from Kardiaro Mohabat Dero road to Pir Shaheed graveyard via village Allah Buksh Tanwari,Road,Cat-A,,Ongoing,27.14774,68.24218,
Naushero Feroze,,Tharu Shah,7 Road from from Kandiaro Tharushah road at Darbello to Village Razi Khan Kalhoro via Inspection Path of Larik Shakh,Road,Cat-A,,Ongoing,27.01894,68.12089,
Naushero Feroze,,Minahi,1 Reconditioning of road from NH Wat Sadhuja road to Chowdagi,Road,Cat-B,,NIT,26.77858,67.99465,
Naushero Feroze,,Minahi,2 Reconditioning of road from Moro Mithiani road Manahi road to Puran road,Road,Cat-B,,NIT,26.74803,67.91809,
Naushero Feroze,,Minahi,3 Reconditioning of road from NH Way to Lalo Machi via Dadu Siyal,Road,Cat-B,,NIT,26.66269,67.98688,
Naushero Feroze,,Naushahro Feroze,4 Reconditioning of road from National Highway Manan Pump connecting N'Feroze Phull road,Road,Cat-B,,NIT,26.81125,68.13453,
Naushero Feroze,,Tharu nShah,5 Reconditioning Road from Tharushah Bhiria to Ghulam Muhammad Solangi via Tagiani Solangi,Road,Cat-B,,NIT,26.93748,68.13967,
Naushero Feroze,,Molhan,6 Reconditioning of Road from Village Haji Chuttal Shah to village Hamal Bhanbhro via Dr: Ghulam Rasool Shah,Road,Cat-B,,NIT,26.88693,68.13679,
Naushero Feroze,,Kotri Mohammad Kabir,7 Reconditioning Road from Dewan Minor to connect Dehat road via Landhi Muhammad Yaqoob Sahito,Road,Cat-B,,NIT,27.16294,68.34314,
Hyderabad,,Tando Hyder,1 Reconditioning of road from Hyerabad Shiekh Bhirkio road to village Yaro Rind road,Road,Cat-A,,Ongoing,25.40798,68.45313,
Hyderabad,,Moolan,2 Re-Conditioning Of Road From Hyderabad - Mirpur khas @ Usman Shah Stop To Connect Shaikh Bhirkio Road Via Jhando Khoso Road,Road,Cat-A,,NIT,25.28525,68.60993,
Hyderabad,,Tando Qaiser,1 Re-Conditioning of road from Tando Hyder to Tando Qaiser,Road,Cat-B,,NIT,25.37932,68.51587,
Matiari,,Boobak,1 Reconditioning of road from kot jandal shah to anjuman e asgharia & ameer Ali house to anjuman e Hussaini road,Road,Cat-A,,Ongoing,26.4493,67.77789,
Matiari,,Bau Khan Pathan,2 Reconditioning Of Road from Gul Muhammad Pahwar Chowk to Nasurpur Road,Road,Cat-A,,NIT,25.54995,68.57877,
Matiari,,Bhanot,"1 Reconditioning of Road From Hala Bhanoth Rao @ Kot Shamshuddin Shah to Merranpur i/c Link Vanhyal Village, Saeed Khan Laghari, & Bhanoth Road",Road,Cat-B,,NIT,25.87404,68.3831,
Tando Allahyar,,Tando Allahyar,"1 Rehabilitation of road in Watayo Faqeer Colony, Pathan Colony, Deshak Bag to Hyderabad Mirpurkhas road, Soomra Colony, Ashrafabad, Mehran Colony to Chamber road, Masjid Street, Soomra Colony Disposal street to Chamber road, Wali Dad Khaskheli Paro to Babar Paro, Mustafa Colony, Kashmiri Colony to Nasarpur road, 1, 2 Street",Road,Cat-A,,NIT,25.46141,68.70899,
Tando Allahyar,,Tando Allahyar,"2 Rehabilitation of road Bukera road to Diamond Colony, Bagri Street to Shah Latif Colony, Muhajid Colony to Ashfaq Town, Gulshan-e-Karim, Mughal Paro, Jinnah Colony, K.K School Street to Unar Paro, 1, 2, 3 Street, Mipurkhas road to Shahbaz Colony, Gol Masjid, Church Street",Road,Cat-A,,NIT,25.45272,68.71985,
Tando Allahyar,,Dasori,1 Recondition of road from Tando Adam Tando Allahyar road to Umar Sand road to Muhabat Solangi i/c Link Allah Bachayo Jamali road,Road,Cat-B,,Ongoing,25.60685,68.69152,
Thatta,,Udasi,1 Rehabilitation / Reconstruction of road from Baghan Jangisar road to Connect Village Muhammad Hassan Otho Via Dargah Khair Shah.,Road,Cat-A,,Ongoing,24.20002,67.62593,
Thatta,,Udasi,2 Reconditioning of road from Baghan Jangisar road to Jeety (Km 0+00 to Km 6+00),Road,Cat-A,,Ongoing,24.20023,67.62571,
Thatta,,Mahar,"3 Reconditioning of road from 105 Mori Shoro Stop @ 12.00 KMs Mureedani,Chowk to Village Alam Jatt & Noor M. Jatt/Paryo Jatt i/c links.",Road,Cat-A,,Ongoing,24.41864,67.66514,
Thatta,,Khan,4 Reconditioning of Road from 103 Mori @ 18.0 Kms to Village Khan Memon and Jan Muhammad Jatt.,Road,Cat-A,,Ongoing,24.58635,67.87717,
Thatta,,Mahar,5 Reconditioning of road from 105 Mori Mahar Mitho Shaikh Mureedani Road to Village Ali Muhammad Rind Via Muhammad Umer Arain.,Road,Cat-A,,Ongoing,24.43128,67.72247,
Thatta,,Gharo,6 Reconditioning of road from Gharo Keti Bunder road @ 48 KM to Village Allah Dino Sholani via Masha Allah Shadi Hall,Road,Cat-A,,Ongoing,24.32712,67.61792,
Thatta,,Domani,7 Reconditioning of road from Sajjan Khaskheli road to Village Sawan Shoro and Village Haji Vikyo Shoro i/c links to Village Juman & Sadique Shoro,Road,Cat-A,,NIT,24.63583,67.91514,
Thatta,,Haji Ghirano,8 Reconditioning of road from @ 5.00 KM to connect Village Ali Hassan Baghiar Via Dargah Misri shah,Road,Cat-A,,NIT ,24.52339,67.53821,
Thatta,,Jhimpir,1 Reconditioning of link from Thatta-Jhimpir road to village Siddiq Mundo along Jam Wah,Road,Cat-B,,NIT,24.76887,67.87956,
Thatta,,Udasi,2 Reconditioning of road from Gharo Keti Bunder Meeran Stop @ point 7.00 KMs of Sadar Bridge Dhandhari road Tukro Stop to Khalifa,Road,Cat-B,,Ongoing,24.22317,67.66789,
Thatta,,Khan,3 Reconditioning of link road from Var City to Muhammad Suleman Zangiani,Road,Cat-B,,Ongoing,24.55464,67.84416,
Thatta,,Keti Bundar,4 Reconditioning of road from Garho Keti Bunder road @ 20.00 KMs to Village Dilawar Shalmani & Pir Allah Dino Shah,Road,Cat-B,,Ongoing,24.16899,67.5417,
Thatta,,Khan,"5 Reconditioning of road from Ghulamullah Var road @ 8.00 KM Sama Stop to Village M Ayoub, Qasim Samoo & Haji Lashari Via Ahmed Chandio i/c links.",Road,Cat-B,,NIT,24.48927,67.80393,
Thatta,,Jhimpir,6 Reconditioning of road from Karachi-Thatta-Hyderabad road @ 170.0 Km to connect Village Ibrahim Shoro.,Road,Cat-B,,NIT,25.21846,68.23782,
Thatta,,Keti Bundar,7 Reconditioning of road from Juho to Ahmed Jatt.,Road,Cat-B,,Ongoing,24.20608,67.52565,
Thatta,,Mirpur Sakro,8 Reconditioning of Road from Mirpur Sakro to Connect Sindh Coastal Highway Via Village Hassan Ali Baghiar,Road,Cat-B,,NIT,24.54674,67.61507,
Sujawal,,Jati,1 Reconditioning of road from Jati Raj Malik road to Village Qasim Thaheemor via Amin Mori Taluka Jati.,Road,Cat-A,,NIT,24.30227,68.37926,
Badin,,Pangrio,1 Improvement of road from Pangrio Bushal Lund Road to Village Ali Muhammad Rind,Road,Cat-A,,Ongoing,24.81765,69.16424,
Badin,,Khorwah,1 Improvement/Construction of road from Badin sujawal road @ point sher wah to village Qureshi farm,Road,Cat-B,,Ongoing,24.64131,68.3965,
Badin,,New Dumbola,2 Improvement of road from Dumbalo to Kapri Mori,Road,Cat-B,,NIT,25.14873,68.95597,
Mirpurkhas,,Phullahdayoon,1 Improvemnet of Road From Phulladiyon to Khipro Road,Road,Cat-A,,Ongoing,25.66435,69.2533,
Mirpurkhas,,Roshanabad,1 Improvement of road from Jhudo-Noukot road to Kot Mir Jan Mohd,Road,Cat-B,,Ongoing,24.88908,68.34699,
Mirpurkhas,,Phullahdayoon,2 Improvement of Road from Phullahdyoon to Kakehoon Doulatabad Khahi road,Road,Cat-B,,Ongoing,25.65237,69.24564,
Umerkot,,Pithoro,1 Improvement of road from Pithoro To Girhore Sharif road.,Road,Cat-A,,Ongoing,25.5291,69.36103,
Umerkot,,Pithoro,2 Improvement of road from Shadi Palli To Pithoro road.,Road,Cat-A,,Ongoing,25.5109,69.37835,
Umerkot,,Nabisar,1 Extension of Pre Stress Bridge along Kunri Nabisar Thar road. (120 Rft),Road,Cat-B,,Ongoing,25.07663,69.63527,
Umerkot,,Nabisar,2 Reconstruction of Pres-stress bridge along Jhudo Nabisar road(200 Rft),Road,Cat-B,,Ongoing,24.99568,69.40636,
Umerkot,,Kunri,3 Reconstruction of Pres-stress bridge along Umerkot Kunri via Diggu farm road(120 Rft),Road,Cat-B,,Ongoing,25.21216,69.58995,
Sanghar,,Manik Thahim,"1 Reconditioning of link road from Beerani Shahdadpur road @mile 5/4 to Paliyo Thahim, Manik Thahim & Ali Gul Thahim road",Road,Cat-A,,Ongoing,25.86978,68.70269,
Sanghar,,Shahdadpur,2 Reconditioning of link road from Shahdadpur Hingoro road to Village Jamal Brohi road,Road,Cat-A,,Ongoing,25.94383,68.59082,
Sanghar,,Kumb Darun,"3 Reconditioning of link road Hala-Shahdadpur road @mile 8/0 to Bachal Sangrai via Sahib Khan Nizamani, Soomar Khaskheli to Bakar Mori road",Road,Cat-A,,Ongoing,25.87685,68.54715,
Sanghar,,Shahdadpur,"4 Reconditioning of link road from Shahdadpur - Tando Adam road to Noor Khan Brohi, Yaqoob Khaskheli road",Road,Cat-A,,Ongoing,25.8751,68.63418,
Sanghar,,Chotiariyoon,1 Reconditioning of link road from Chotiaryoon to Dam Panyal Junejo road,Road,Cat-B,,Ongoing,26.05885,69.1964,
Sanghar,,Shahpur Chakar,"2 Reconditioning of link road from Shahpur Chakar - Maqsoodo Rind road to Village Dargah Wali Muhammad Shah, via Village Karam Khan Umrani, Village Khair Muhammad Umrani road",Road,Cat-B,,Ongoing,26.11714,68.62166,
Sanghar,,Gul Muhammad Laghari,"3 Reconditioning of link road from Maqsoodo Rind - Gul Muhammad Laghari road to Sarhari via Rais Brohi, Village Shar Khan Talpur, Village Long khan Talpur, Shakal Talpur road",Road,Cat-B,,Ongoing,26.06387,68.54836,
Sanghar,,Shahdadpur,4 Sanghar Shahdadpur at Landhi to Dargah Hassan Bux Shah Dhuthro Sharif,Road,Cat-B,,Ongoing,25.94678,68.72942,
Tharparkar,,Khetlari,1 Improvement of road from Netaveri to Dohdhahro,Road,Cat-A,,Ongoing,24.65355,69.33198,
Tharparkar,,Diplo,1 Improvement of road from Naukot Diplo road to Taj Muhamamd Colony Khair Muhamamad Soomro,Road,Cat-B,,Ongoing,24.78311,69.43012,
Sukkur,,Nauraja-Hingoro,1 Road from Dadloi Cheechor Road,Road,Cat-A,,Ongoing,27.82782,69.23314,
Sukkur,,Sangi,2 Road from Shaduja to PS Shahee Pull,Road,Cat-A,,Ongoing,27.92085,69.11586,
Sukkur,,Nauraja,3 Road From Bachu Bund to Phulani,Road,Cat-A,,Ongoing,27.91441,69.10453,
Sukkur,,Dandhi,4 Road from Chimni Pitafi to Thikratho via Roopher,Road,Cat-A,,Ongoing,27.68498,69.22281,
Sukkur,,Hingoro,1 Road from NHA pano Akil Sabzar Lawnm to Jum Bhutto,Road,Cat-B,,Ongoing,27.84099,69.10481,
Sukkur,,Dandhi,2 Raod from Cadet College Pano Akil to Nazar Muhammad Soomro Village,Road,Cat-B,,Ongoing,27.76094,69.06371,
Sukkur,,Sultanpur,3 Road From Thath Minor via to Fateh Muhammad Arain Makhan Belo,Road,Cat-B,,Ongoing,27.78636,69.20517,
Khairpur,,Hindyari,1 Rehabilitation of Road from Mehran Highway to Hindyari,Road,Cat-A,,Ongoing,27.09802,68.55665,
Khairpur,,Deparja,2 Rehabilitation of Road from Mehran Highway to Mohsin Shah.,Road,Cat-A,,Ongoing,27.16153,68.53052,
Khairpur,,Bozdar Wada,3 Road from Makhdoom Chowk to Ustad Jamauddin Kalhoro.,Road,Cat-A,,Ongoing,27.15164,68.66509,
Khairpur,,Hindyari,4 Rehabilitation of Road from N.H.Way Bagh Bachra Mehrabpur to Balo jo Kharo,Road,Cat-A,,Ongoing,27.10712,68.50822,
Khairpur,,Akri-Karundi,5 Rehabilitation of Road from Baseero to Sanjayo.,Road,Cat-A,,Ongoing,26.90798,68.44604,
Khairpur,,Akri-Karundi,6 Rehabilittion of Road from Fakir Ali Nawaz Hisbani to Khuda Bux Hisbani.,Road,Cat-A,,Ongoing,26.90231,68.42986,
Khairpur,,Pacca Chang,7 Rehabilitation of Road From Mehran Highway to Haji Kareem Bux Rajper via Lakhman,Road,Cat-A,,Ongoing,26.82427,68.3472,
Khairpur,,Kumb,"8 Rehabilitation of Road from Kumb babar road to village Haji Jan Muhammad Tumrani, Ali Dino Tumrani, Muhammad Ramzan Mehrani & Roshal Palleh.",Road,Cat-A,,Ongoing,27.28793,68.61608,
Khairpur,,Kot Diji,9 Rehabiliation of Road from Mithri to Hussainabad Narodhoro Road.,Road,Cat-A,,Ongoing,27.42196,68.73728,
Khairpur,,Tando Masti,10 Rehabiliation of Road from Kotdiji Tando Masti road to village Fateh Ali Lashari via Raheem Bux Lashari.,Road,Cat-A,,Ongoing,27.43055,68.70188,
Khairpur,,Pir Jo Goth,11 Rehabilitation of Road from Pir Jo Goth Old Gate to Kingri.,Road,Cat-A,,Ongoing,27.59111,68.62734,
Khairpur,,Ahmedpur,12 Rehabilitation of Road from Ahmedpur Bye Pass Road.,Road,Cat-A,,NIT,27.57107,68.5912,
Khairpur,,Pir Jo Goth,13 Rehabilitation of Road from Khairpur Machi Road to Pir Jo Goth Bye Pass Road.,Road,Cat-A,,NIT,27.60136,68.64789,
Khairpur,,Kamaldero,1 Rehabiltation of Road from Mangla to Khairpur via village Yar Mohammad Markhand Larkana Road,Road,Cat-B,,NIT,27.40015,68.38898,
Khairpur,,Ripri,2 Rehabilitation of Road from Ripri Regulato to Wadh Pagya road ilc Repair of 49 rft Bridge viallage Muhammad Larik),Road,Cat-B,,NIT,27.51638,68.47248,
Khairpur,,Kamaldero,3 Rehabilitation of Road from Khairpur Larkana road to Dargah Nabi Shah,Road,Cat-B,,NIT,27.4449,68.42232,
Khairpur,,Halani,4 Rehabilitatoin of Road from Rasool Abad City to Mehrabpur Bridge,Road,Cat-B,,NIT,27.12034,68.39654,
Khairpur,,Setharja,5 Rehabilitation of road from Hingorja Setharja road to Deparja Bridge via Aachar Sahito,Road,Cat-B,,NIT,27.20712,68.44606,
Shikarpur,,Dakhan,1 Rehablitation of road from Madeji Dakhan,Road,Cat-A,,Ongoing,27.80016,68.40534,
Shikarpur,,Karan,"2 Road from Larkana Shikarpur Road Highway to Veeram Jafferi via Village Rahuja with three links (1-Mari Road, 2-Rarhi, 3-Village Shehzada Jafferi)",Road,Cat-A,,Ongoing,27.93521,68.60045,
Shikarpur,,Zarkhel,"1 Road from Khanpur Road to Khanpur Road via old Laliyoon, New Laliyoon, Murshidabad, Jorakh Brohi Serwar Kot.",Road,Cat-B,,Ongoing,27.98086,68.67357,
Larkana,,Fatehpur,"1 Rehabilitation of Main Internal connecting roads of Larkano City from Mirokhan Chowk to Sui Gas Office near Larkano Bypass, Ghanti Phatak Ladies Jail road, S.P Chowk Nazar Muhalla Road i/c District Council road, from Chandio House to FBR Office & Jurrio Chandio road.",Road,Cat-A,,Ongoing,27.57739,68.21396,
Larkana,,Naich,2 Rehabilitation of road from CMC Bridge to Circular road N.I.P Side of Rice Canal.,Road,Cat-A,,Ongoing,27.55515,68.19733,
Larkana,,Naich,"3 Rehabilitation of Internal roads of Doctors colony (New Staff Colony, Old Staff Colony and Model Colony i/c Noor Colony).",Road,Cat-A,,Ongoing,27.5555,68.19839,
Larkana,,Fatehpur,4 Rehabilitation of road from Ghar Wah Meer Shahabad via 10 Mail village Noor Mohammad Korkani upto Arija road.,Road,Cat-A,,Ongoing,27.57445,68.18715,
Larkana,,Akil,5 Rehabilitation of link road from Akil Bridge to Circular road via Village Malook Korai.,Road,Cat-A,,Ongoing,27.58237,68.26347,
Larkana,,Ratodero,6 Rehabilitation of road Ratodero Bypass @Point Mushtaq Khan Jalbani House to Joya Filling Station via Allah Wala Chowk to connect Naudero Bypass and i/c approach to Yasin Sario House & Dargah Nadir Shah (Paver Block & Drain).,Road,Cat-A,,Ongoing,27.79813,68.29307,
Larkana,,Dhamraha,1 Rehabilitation of road from Bakhtawar High School to Dargah Pir Jan Muhammad via Budho Khokhar and Labour Colony Naudero.,Road,Cat-B,,Ongoing,27.67239,68.36743,
Larkana,,Dhamraha,2 Rehabilitation of road from Allah Warayo Solangi to Naudero Sukkur road and approach to Railway Phatak to Bab-e-Zulfiqar (Gareebabad) (Paver Block & Drain).,Road,Cat-B,,Ongoing,27.67258,68.35915,
Larkana,,Bahman,"3 Rehabilitation of Naudero Sukkur road @Kartia Mangnejo to Village Bhoombhatpur, Rahoja, Abrepota and Wistra Jat Village.",Road,Cat-B,,Ongoing,27.70813,68.39723,
Larkana,,Mad Bahu,4 Reconditioning of road form Khairpur Larkana Raod to Village Dolat Khokhar via Anwarabad.,Road,Cat-B,,Ongoing,27.46064,68.23537,
Larkana,,Purano Abad,5 Construction / Re-Construction of road from village Faridabad road to village Mujawar Lashari to Ali Jatoi.,Road,Cat-B,,Ongoing,27.4338,68.22841,
Larkana,,Badah,6 Reconditioning of road from Indus Link road Ghari Pul to Sawayo Agham via Mehar Mugheri and Khabar Bhutto.,Road,Cat-B,,Ongoing,27.54867,68.09662,
Larkana,,Arija,7 Reconditioning of Road from Arija Purani Gudd via Village Gudd.,Road,Cat-B,,Ongoing,27.36203,68.17911,
Kamber Shahdadkot,,Ranwati,1 Rehabilitation road from villege Bachal Chandio via Shakh Hameer Minor via Chandia Minor to Village Darya Khan Chandio U.C Lashakri and from Kamber- Wagan road to Villege Pir Bux Via Rais Humaiyan Khan Mughari U.C Gather,Road,Cat-A,,Ongoing,27.54771,67.97848,
Kamber Shahdadkot,,Qubo Saeed Khan,3 Rehabilitation of road from M-8 Bypass to Bago Daro via Mir Aijaz Khan Brohi to Village Ali Hassan Brohi,Road,Cat-A,,Ongoing,27.86363,67.70267,
Kamber Shahdadkot,,Warah,4 Rehabilitation of road from Village Khandu to Gurgage,Road,Cat-A,,Ongoing,27.52595,67.25558,
Kamber Shahdadkot,,Ranwati,5 Rehabilitation of road from Kamber-Mirokhan to Lal Bux Laghari via Tharo Wadho i/c link Tharo Wadho,Road,Cat-A,,Ongoing,27.72594,68.06826,
Kamber Shahdadkot,,Ranwati,6 Rehabilitation of road from Larkana-Mirokhan road to @ Point Khan Jo Laro to connect Bhanbho Khan Chandio via Drib Chandio.,Road,Cat-A,,Ongoing,27.71542,68.10653,
Kamber Shahdadkot,,Sijawal-Miro Khan,7 Rehabilitation of link road from Shahdadkot Sijawal Motoway road alongwith Sim Drain Hyder Khan Chandio i/c Larkana-Mirokhan road alongwith Warah Canal to village Bilawal Jagirani,Road,Cat-A,,Ongoing,27.80441,68.18529,
Kamber Shahdadkot,,Shahdatkot,9 Rehabilitation of road from Ratodero Shahdadkot Motorway (M-8) to village Aazam Khan & Village Allah Bux Laghari,Road,Cat-A,,Ongoing,27.90672,68.03646,
Kamber Shahdadkot,,Wagan,1 Rehabilitation of road from Indis Highway (N-55) @ Waka Mori to Ali Ashbo Village,Road,Cat-B,,Ongoing,27.45783,67.94427,
Kamber Shahdadkot,,Warah,2 Rehabilitation of road from Dost Ali to Village Ghulam Qadir Magsi,Road,Cat-B,,Ongoing,27.70784,68.82829,
Kamber Shahdadkot,,Chakyani,3 Rehabilitation of road from Ratodero Shahdadkot Motorway (M-8) to village chikyani,Road,Cat-B,,Ongoing,27.84646,67.96134,
Kamber Shahdadkot,,Sijawal,4 Rehabilitation of link road from Sijawal / Gharhi Khairo road to village Hayat Khan Gopang,Road,Cat-B,,Ongoing,27.91283,68.10423,
Kamber Shahdadkot,,Miro Khan,5 Rehabilitation of link road from Mirokhan / Siajwal road along SKT Drain to village Darya Khan Brohi / Ali Hassan Brohi Ali Mohammad Lanjwani road via Aliabad Chowki Sim Shakh,Road,Cat-B,,Ongoing,27.78639,68.09469,
Sanghar,Sanghar,,Wali Dino Chand ,Water Supply Scheme,,1600,,25.823191486725,69.0307003085124,
Sanghar,Sanghar,,Padri Goth ,Water Supply Scheme,,1840,,26.0687091645068,68.9909417554517,
Sanghar,Sanghar,,Gujri ,Water Supply Scheme,,10210,,26.18546943586,68.9701861487662,
Sanghar,Sanghar,,Chak No-11 ,Water Supply Scheme,,4360,,26.0808112893664,68.931816213072,
Sanghar,Sanghar,,Chak No-2 ,Water Supply Scheme,,4000,,26.1683297467207,68.963916406921,
Sanghar,Sanghar,,Chak No-3&4 ,Water Supply Scheme,,3180,,26.1374738141149,68.9581636439553,
Sanghar,Sanghar,,Chak No-5&8,Water Supply Scheme,,5170,,26.1181368004548,68.8840637993367,
Sanghar,Sanghar,,Sanghar Urban,Water Supply Scheme,,35170,,26.0395455124829,68.9558894721159,
Sanghar,Sanghar,,Kandairi Urban,Water Supply Scheme,,16780,,25.80081856101,69.0716538406956,
Sanghar,Sanghar,,Johi-I Urban,Water Supply Scheme,,9820,,25.9524582699506,68.8844862583244,
Sanghar,Sanghar,,Johi-II Urban,Water Supply Scheme,,10265,,25.9654491796403,68.9050415617203,
Sanghar,Sanghar,,Kandairi Urban,Drainage Scheme,,14603,,25.7965313066364,69.0673719392869,
Sanghar,Jam Nawaz Ali,,Birani Urban ,Water Supply Scheme,,11040,,25.7841406930139,68.7894574072597,
Sanghar,Jam Nawaz Ali,,Jam Nawaz Ali Urban-1,Water Supply Scheme,,5020,,25.7805577093927,68.8582028319542,
Sanghar,Jam Nawaz Ali,,Jam Nawaz Ali Urban-2,Water Supply Scheme,,2266,,25.7830493910041,68.8486148844286,
Sanghar,Jam Nawaz Ali,,Birani Urban ,Drainage Scheme,,11040,,25.7859314023031,68.804365662907,
Sanghar,Shahdad Pur,,Daim Khan Dhamrah ,Water Supply Scheme,,960,,26.1742217972133,68.5953771662754,
Sanghar,Shahdad Pur,,Amanullah Dahri ,Water Supply Scheme,,1380,,25.8518662666336,68.620621297888,
Sanghar,Shahdad Pur,,Shahdad Pur Urban,Drainage Scheme,,50738,,25.9246877179445,68.6154854806693,
Sanghar,Tando Adam,,Bagowadadani,Water Supply Scheme,,3950,,25.8803573624702,68.6897557383571,
Sanghar,Tando Adam,,Tando Adam Rasheed Colony Urban,Drainage Scheme,,11430,,25.7751130179724,68.6576369145311,
Sanghar,Tando Adam,,Soomar Khashkheli ,Drainage Scheme,,1605,,25.8911192436062,68.5395247184768,
Sanghar,Sinjhoro ,,Sinjhoro City,Water Supply Scheme,,14240,,26.0299767220912,68.8059116519731,
Sanghar,Sinjhoro ,,Khadro,Water Supply Scheme,,13230,,26.1443811244659,68.7173035411003,
Sanghar,Sinjhoro ,,Gul Muhammad Thahim,Water Supply Scheme,,2823,,26.0602024925465,68.754565759009,
Sanghar,Sinjhoro ,,Kurkuli,Water Supply Scheme,,4000,,25.9422903970274,68.8147246028309,
Sanghar,Khipro,,Khipro Urban,Water Supply Scheme,,25860,,25.8239411023323,69.3797540028968,
Sanghar,Khipro,,Dost Muhammad Hingoro,Water Supply Scheme,,3420,,25.8525951431988,69.3059100362559,
Sanghar,Khipro,,Haji Muhammad Laghari,Water Supply Scheme,,2500,,25.9164331342437,69.2265900432231,
Sanghar,Khipro,,Hathungo,Water Supply Scheme,,10700,,25.7905861428979,69.4479400090921,
Sanghar,Khipro,,Khahi,Water Supply Scheme,,3650,,25.6297011467517,69.4223389680513,
Sanghar,Khipro,,Haji Hussain Rajar/Khani Rajar,Water Supply Scheme,,3100,,25.7652291294081,69.3578159573459,
Sanghar,Khipro,,Khipro Urban,Drainage Scheme,,9370,,25.8302460921215,69.3800970017452,
Badin,Badin,,Badin Urban,Water Supply Scheme,,4660,,24.4861147711778,68.9844264073922,
Badin,Badin,,Kadhan,Water Supply Scheme,,3850,,24.6420409052993,69.040869520797,
Badin,Badin,,Nindo Shaher ,Water Supply Scheme,,1377,,24.5758804936743,68.9852054272192,
Badin,Badin,,Ali Murad Chandio,Water Supply Scheme,,2463,,24.5012775383172,68.7894749716269,
Badin,Badin,,Seerani,Water Supply Scheme,,2670,,24.501277895729,68.7894722073376,
Badin,Badin,,Tando Gamoon,Water Supply Scheme,,120,,24.5450671257431,68.7872979622963,
Badin,Badin,,Abdul Hameed Junejo,Water Supply Scheme,,6662,,24.5562931486965,68.9055899693386,
Badin,Badin,,Luari Sharif,Water Supply Scheme,,125,,24.5493458951081,68.8689404410971,
Badin,Badin,,Ashraf Abad,Water Supply Scheme,,1294,,24.5268461050296,68.8522237396928,
Badin,Badin,,Lal Bux Notkani,Water Supply Scheme,,2520,,24.6362660722382,68.8669910143617,
Badin,Badin,,Molvi Hussain Soomro,Water Supply Scheme,,919,,24.5223094015363,68.9344991345453,
Badin,Badin,,Allah Dino Jamali,Water Supply Scheme,,2885,,24.6551890680731,69.0278689954454,
Badin,Badin,,Yar Muhammad Bhurgri,Water Supply Scheme,,4660,,24.4861147711778,68.9844264073922,
Badin,Badin,,Nindo Shaher ,Drainage Scheme,,7880,,24.6358994003061,69.0411145458866,
Badin,Badin,,Luari Sharif,Drainage Scheme,,6090,,24.5586188705153,68.9048557111578,
Badin,Talhar,,Talhar Urban,Water Supply Scheme,,47953,,24.8871871885016,68.8218545908788,
Badin,Talhar,,Rajo Khanani ,Water Supply Scheme,,11078,,24.9831005782193,68.8487370423438,
Badin,Talhar,,Rip,Water Supply Scheme,,3320,,24.792314520999,68.8009078215883,
Badin,Talhar,,Talhar Urban,Drainage Scheme,,47953,,24.8879673293629,68.8100120470151,
Badin,Talhar,,Rajo Khanani ,Drainage Scheme,,11078,,24.9815867713492,68.852137458564,
Badin,Tando Bago,,Pangrio,Water Supply Scheme,,13523,,24.7635387750371,69.1936853801688,
Badin,Tando Bago,,Tando Bago Urban,Water Supply Scheme,,20821,,24.7874477147315,68.9617639523379,
Badin,Tando Bago,,Khoski,Water Supply Scheme,,30566,,24.6429039561714,69.104941285827,
Badin,Tando Bago,,Nabi Bux Rustamani,Water Supply Scheme,,2868,,24.8946629766009,68.9990098576022,
Badin,Tando Bago,,Hayat Khashkheli,Water Supply Scheme,,371,,24.9313718733983,69.2761525206502,
Badin,Tando Bago,,Sangi Pharo,Water Supply Scheme,,4519,,24.9397931332632,69.1358671824849,
Badin,Tando Bago,,Behra Memon,Water Supply Scheme,,2094,,24.7247386323279,68.9981212926279,
Badin,Tando Bago,,Wali Muhammad Malkani,Water Supply Scheme,,11758,,24.8747391378518,69.2552319684959,
Badin,Tando Bago,,Shadi Large,Water Supply Scheme,,4233,,24.6298741169983,69.1787471358505,
Badin,Tando Bago,,Pahar Mari,Water Supply Scheme,,3637,,24.7617699701749,68.9560153352503,
Badin,Tando Bago,,Pangrio,Drainage Scheme,,13523,,24.7604288975667,69.196064221253,
Badin,Tando Bago,,Tando Bago Urban,Drainage Scheme,,3722,,24.7903669011763,68.9709339873074,
Badin,Tando Bago,,New Abad Urban,Drainage Scheme,,7911,,24.7769169313152,68.9608966774593,
Badin,Tando Bago,,Khoski,Drainage Scheme,,30566,,24.6392529146915,69.1200959668939,
Badin,Shaheed Fazal Rahu,,Kario Gahanwar,Water Supply Scheme,,13038,,24.81004103837,68.6079545763151,
Badin,Shaheed Fazal Rahu,,Shaheed Fazal Rahu (Golarchi),Drainage Scheme,,16968,,24.6512532788208,68.5380825234229,
Badin,Shaheed Fazal Rahu,,Khorwah,Drainage Scheme,,7384,,24.7547093404407,68.4148665976759,
Badin,Matli,,Nabi Bux Muhajir,Water Supply Scheme,,3078,,25.1016817957384,68.7679086584967,
Badin,Matli,,Gulam Laghari,Water Supply Scheme,,5400,,25.2135252966394,68.7833816486197,
Badin,Matli,,Taj Muhammad Junejo,Water Supply Scheme,,560,,25.0713673699669,69.0468610477466,
Badin,Matli,,Haji Lakhano Mandrani,Water Supply Scheme,,1883,,25.0876032886791,68.9927606688031,
Badin,Matli,,Manik Laghari,Drainage Scheme,,4486,,25.225629376405,68.7454948112818,
Badin,Matli,,Haji Abdullah,Drainage Scheme,,3177,,25.2432394424805,68.9222521341775,
Badin,Matli,,Molvi Sultan Ahmed,Drainage Scheme,,3470,,25.1179279694358,68.907948570545,
Mirpur Khas,Mirpur Khas,,Mirpur Khas Urban,Water Supply Scheme,,32574,,25.5110084976341,69.0133746848743,
Mirpur Khas,Mirpur Khas,,Mir Sher Muhammad,Water Supply Scheme,,4668,,25.5125780778409,69.0261426736801,
Mirpur Khas,Shujabad,,Ghulam Muhammad Laghari,Water Supply Scheme,,1445,,25.3227300792185,69.0429910086015,
Mirpur Khas,Shujabad,,Khuda Bux Khatyan,Water Supply Scheme,,619,,25.423199092307,69.0670300358349,
Mirpur Khas,Shujabad,,Muhammad Ali Halepota,Water Supply Scheme,,2250,,25.4666151165728,69.0909289524398,
Mirpur Khas,Shujabad,,Muhammad Khan Lashari,Water Supply Scheme,,1400,,25.4231991208072,69.131144981075,
Mirpur Khas,Shujabad,,Umer Bughio,Water Supply Scheme,,2283,,25.4450841213431,68.9524519637994,
Mirpur Khas,Hussain Bux Mari,,Khan,Water Supply Scheme,,4700,,25.6169197730621,68.9550199311144,
Mirpur Khas,Hussain Bux Mari,,Patayoon,Water Supply Scheme,,3569,,25.7363532790247,68.9527218371078,
Mirpur Khas,Hussain Bux Mari,,Old Mirpur,Water Supply Scheme,,7605,,25.5737464749064,69.0664402672803,
Mirpur Khas,Hussain Bux Mari,,Vesro,Water Supply Scheme,,2726,,25.5400589704971,69.0908682072525,
Mirpur Khas,Hussain Bux Mari,,Aziz Brohi,Water Supply Scheme,,1800,,25.54549618228,68.8968541175762,
Mirpur Khas,Hussain Bux Mari,,Dr. Iqbal Narejo,Water Supply Scheme,,210,,25.6745032243531,69.0139808085958,
Mirpur Khas,Sindhri,,Hingorno,Water Supply Scheme,,4085,,25.7328515053337,69.1749697803998,
Mirpur Khas,Sindhri,,Girhore Shrief,Water Supply Scheme,,8700,,25.5827770273239,69.3533120307384,
Mirpur Khas,Sindhri,,Din Muhammad Junejo,Water Supply Scheme,,3400,,25.7213597274457,69.1173132522738,
Mirpur Khas,Kot Ghulam Muhammad,,Kot Ghulam Muhammad City,Water Supply Scheme,,26958,,25.289140082195,69.2558693029072,
Mirpur Khas,Kot Ghulam Muhammad,,Rajputh Goth,Water Supply Scheme,,2227,,25.2961249858541,69.1295659599846,
Mirpur Khas,Kot Ghulam Muhammad,,Waghreji,Water Supply Scheme,,26958,,25.289140082195,69.2558693029072,
Mirpur Khas,Kot Ghulam Muhammad,,Yaqoob Pur,Water Supply Scheme,,2227,,25.2961249858541,69.1295659599846,
Mirpur Khas,Kot Ghulam Muhammad,,Deh-294,Water Supply Scheme,,1760,,25.2163936350345,69.2365474345341,
Mirpur Khas,Kot Ghulam Muhammad,,Dayal Garh,Water Supply Scheme,,3180,,25.2413290249797,69.2467036818452,
Mirpur Khas,Kot Ghulam Muhammad,,Kachelo Farm,Water Supply Scheme,,1640,,25.179792782667,69.2120629796961,
Mirpur Khas,Kot Ghulam Muhammad,,Mehar Muhammad Boota,Water Supply Scheme,,6120,,25.247665850809,69.1798094708156,
Mirpur Khas,Kot Ghulam Muhammad,,Deh-333,Water Supply Scheme,,2880,,25.211526461616,69.1927109070157,
Mirpur Khas,Kot Ghulam Muhammad,,Bodey Wall,Water Supply Scheme,,1720,,25.2003604439943,69.2652520584559,
Mirpur Khas,Kot Ghulam Muhammad,,Nandi Duberji,Water Supply Scheme,,2340,,25.1905882490894,69.189422492114,
Mirpur Khas,Kot Ghulam Muhammad,,Kot Ghulam Muhammad,Drainage Scheme,,26958,,25.282254893167,69.2420684083758,
Mirpur Khas,Digri,,Digri Urban,Water Supply Scheme,,39820,,25.1443291413981,69.1098345031241,
Mirpur Khas,Digri,,Miryar Muhammad,Water Supply Scheme,,3290,,25.0909590165353,69.2340446156874,
Mirpur Khas,Digri,,Kangoro,Water Supply Scheme,,2117,,25.2365471332886,69.033852034876,
Mirpur Khas,Digri,,Deh-194,Water Supply Scheme,,2575,,25.0482826089289,69.1936941537128,
Mirpur Khas,Digri,,Jio Kaloi,Water Supply Scheme,,1100,,25.0977035119919,69.1764655670957,
Mirpur Khas,Digri,,Deh-154,Water Supply Scheme,,590,,25.2111357794052,69.021144254471,
Mirpur Khas,Digri,,Deh-155,Water Supply Scheme,,960,,25.2182130727017,69.0360267305353,
Mirpur Khas,Digri,,Deh-151,Water Supply Scheme,,1300,,25.1822110841142,69.0106788002274,
Mirpur Khas,Jhudo,,Naukot Urban,Water Supply Scheme,,13000,,24.8480141371765,69.4090100355785,
Mirpur Khas,Jhudo,,Fazal Bhambhro,Water Supply Scheme,,2150,,24.899588319326,69.4544407871119,
Mirpur Khas,Jhudo,,Jhudo (Kachi Disposal) Urban,Drainage Scheme,,9470,,24.9673708050412,69.3034675696958,
Umerkot,Umerkot,,Umerkot Urban,Water Supply Scheme,,7610,,25.3678937377388,69.7308100881296,
Umerkot,Umerkot,,Nawab Soomro,Water Supply Scheme,,2530,,25.4762381406956,69.6355242979934,
Umerkot,Umerkot,,Umerkot City Chor Road,Drainage Scheme,,8940,,25.3711603920783,69.7420910723763,
Umerkot,Pithoro,,Pithoro City,Water Supply Scheme,,11279,,25.5149108270845,69.3778851361951,
Umerkot,Pithoro,,Shadi Palli,Water Supply Scheme,,6000,,25.519305548126,69.2373568351341,
Umerkot,Pithoro,,Haji Pir Shah,Water Supply Scheme,,1360,,25.5560834652128,69.2318610744548,
Umerkot,Pithoro,,Kamal Din Arisar,Water Supply Scheme,,1510,,25.4739378275602,69.4721950271629,
Umerkot,Kunri,,Manjhakar,Water Supply Scheme,,1200,,25.1594230720197,69.4784870369377,
Umerkot,Kunri,,Nabisar Thar,Water Supply Scheme,,11186,,25.0737271050378,69.64218396295,
Umerkot,Kunri,,Kunri Urban,Water Supply Scheme,,8355,,25.1732571270772,69.5791299756951,
Umerkot,Kunri,,Bustan,Drainage Scheme,,20886,,25.1805510608788,69.5465720340909,
Shaheed Benazirabad,Nawabshah,,Jamshed Colony Disposal Works,Drainage Scheme,,6775,,26.2397530283789,68.422316099247,
Shaheed Benazirabad,Nawabshah,,Sahafi Disposal Works,Drainage Scheme,,28600,,26.2523375278594,68.4040695223864,
Shaheed Benazirabad,Nawabshah,,Ghulam Rasool shah Colony Disposal Works,Drainage Scheme,,9096,,26.238408463578,68.404811383371,
Shaheed Benazirabad,Nawabshah,,Taj & Azam Colonies Disposal Works,Drainage Scheme,,24240,,26.2648787830243,68.4018123434919,
Shaheed Benazirabad,Nawabshah,,Gharibabad Disposal works,Drainage Scheme,,8750,,26.2395509098704,68.40814967454,
Shaheed Benazirabad,Nawabshah,,Railway Station,Drainage Scheme,,7900,,26.2452612546663,68.4112847943112,
Shaheed Benazirabad,Nawabshah,,Mehran & Jamali Colonies Disposal Works,Drainage Scheme,,14128,,26.2440353726695,68.3944095855167,
Shaheed Benazirabad,Nawabshah,,Sanghar Road Disposal Works,Drainage Scheme,,5019,,26.251694566995,68.4284472130068,
Shaheed Benazirabad,Nawabshah,,Baloch Colony Disposal Works,Drainage Scheme,,6888,,26.2541122599891,68.4140640083768,
Shaheed Benazirabad,Nawabshah,,Lakha Disposal Works,Drainage Scheme,,31080,,26.2334372391846,68.4014026579449,
Shaheed Benazirabad,Nawabshah,,Ghulam Hyder Shah Colony,Drainage Scheme,,35336,,26.2569913215103,68.396315127226,
Shaheed Benazirabad,Nawabshah,,Awami Colony,Drainage Scheme,,37000,,26.2463434548898,68.3872183951454,
Shaheed Benazirabad,Nawabshah,,Azeem Colony Disposal Works,Drainage Scheme,,17344,,26.2373226608865,68.3913306092703,
Shaheed Benazirabad,Daur,,Ammerji Water,Water Supply Scheme,,12443,,26.4581561074711,68.2986403087322,
Shaheed Benazirabad,Daur,,Gajrah Wah,Water Supply Scheme,,2000,,26.4446847601639,68.3501551331633,
Shaheed Benazirabad,Daur,,Irrigation Bagh Disposal Works,Drainage Scheme,,12565,,26.4573325282883,68.3168715435495,
Shaheed Benazirabad,Daur,,Gharibabad Disposal Works,Drainage Scheme,,5779,,26.4625620139929,68.3175034516813,
Shaheed Benazirabad,Daur,,Ali Abad Disposal Works,Drainage Scheme,,9182,,26.4554131307082,68.3195510641481,
Shaheed Benazirabad,Daur,,Raza Abad Disposal Works,Drainage Scheme,,1350,,26.4227053124474,68.3241955822257,
Shaheed Benazirabad,Daur,,Bucheri Town Zone-A,Drainage Scheme,,3178,,26.3472397943257,68.3633676907671,
Shaheed Benazirabad,Daur,,Bucheri Town Zone-B,Drainage Scheme,,3788,,26.3565379156251,68.3629559812564,
Shaheed Benazirabad,Daur,,Sada Wah Bandhi Town,Water Supply Scheme,,4389,,26.6004010665938,68.2906342948754,
Shaheed Benazirabad,Daur,,Remanabad Water Works Bandhi Town,Water Supply Scheme,,4152,,26.59472864471,68.3029416864903,
Shaheed Benazirabad,Daur,,Madina Colony Zone-A Bandhi Town,Drainage Scheme,,4611,,26.5824462178482,68.2985775888034,
Shaheed Benazirabad,Daur,,Zone-B Bandhi Town,Drainage Scheme,,3000,,26.5939211353662,68.3002952719951,
Shaheed Benazirabad,Daur,,Zone-C Disposal Bandhi Town,Drainage Scheme,,2981,,26.5959323813752,68.3128267602528,
Shaheed Benazirabad,Daur,,Zone D- Near Jamali Colony Bandhi Town,Drainage Scheme,,4872,,26.5857520540708,68.3062195788009,
NODISTRICT,,,Plugging and Strengthening of Relief Cut along Manchar Containing Bund at RD 14,Irrigation,,,Completed,26.4030806,67.8305861,M/s MDS & Co
NODISTRICT,,,Plugging and Strengthening of Relief Cut along Manchar Containing Bund at RD 52,Irrigation,,,Completed,26.426913,67.7134399,M/s MDS & Co
NODISTRICT,,,"Plugging, Strengthening & Stone Pitching of Relief Cut Larkana Sehwan Bund along Mile 95/6",Irrigation,,,Completed,26.478045,67.840673,M/s MS & Company 
NODISTRICT,,,"Plugging, Strengthening & Stone Pitching of Relief Cut Larkana Sehwan Bund along Mile 97/2",Irrigation,,,Completed,26.44789,67.85577,M/s MS & Company 
NODISTRICT,,,"Plugging, Strengthening & Stone Pitching of Relief Cut Larkana Sehwan Bund along Mile 99/3",Irrigation,,,Completed,26.40181,67.83073,M/s Thadani Enterprises 
NODISTRICT,,,Plugging and Strengthening of Breaches along Indus Link Drain,Irrigation,,,Completed,26.48141,67.81641,M/s Thadani Enterprises 
NODISTRICT,,,Plugging and Strengthening of Breach along KN Shah Main Drain & Leading Channel,Irrigation,,,Completed,27.068392,67.721245,M/s MS & Company 
NODISTRICT,,,Plugging and Strengthening of Breaches/ Cuts along Ghar Main Drain & Leading Channel,Irrigation,,,Completed,27.46904,67.847617,M/s Rising Sun 
NODISTRICT,,,Plugging and Strengthening of Breaches/ Cuts along Miro Khan Main Drain,Irrigation,,,Completed,27.382981,67.452347,M/s Rising Sun 
NODISTRICT,,,Plugging and Strengthening of Breaches/ Cuts along Shahdad Kot Branch Drain,Irrigation,,,Completed,27.666877,67.751289,M/s Rising Sun 
NODISTRICT,,,"Plugging and Strengthening, Restoration and Rehabilitation of Dhamrah Wah",Irrigation,,,Completed,27.305118,67.675288,M/s MS & Company 
NODISTRICT,,,"Plugging, Strengthening and Stone Pitching of Breach along Superio Bund RD 82",Irrigation,,,Completed,27.3048685,67.6748216,M/s Rising Sun 
NODISTRICT,,,Plugging and Strengthening of Breach along FP Bund along RD 476+000,Irrigation,,,Completed,27.6437807,67.7546505,M/s Rising Sun 
NODISTRICT,,,Plugging and Strengthening of Breach along FP Bund along RD 340+000,Irrigation,,,Completed,27.3275242,67.630993,M/s Thadani Enterprises 
NODISTRICT,,,Plugging and Strengthening of Breach along Main Nara Valley (MNV) Drain at RD 330,Irrigation,,,Completed,27.11566,67.63978,M/s MS & Company 
NODISTRICT,,,Plugging and Strengthening of Breach along Main Nara Valley (MNV) Drain at RD 280,Irrigation,,,Completed,27.0425,67.6584,M/s Thadani Enterprises 
NODISTRICT,,,Plugging and Strengthening  of Breach along Main Nara Valey (MNV) Drain at RD 2+318,Irrigation,,,Completed,26.5162,67.62554,M/s Saeed Khan Construction Co
NODISTRICT,,,Plugging and Strengthening  of Breach along Main Nara Valey (MNV) Drain at RD 8+068,Irrigation,,,Completed,26.5313889,67.6261111,M/s Saeed Khan Construction Co
NODISTRICT,,,Repair of Rain Damages of Small Dams Under Small Dams Organization-Mole,Irrigation,,,Completed,25.4575694,67.4548194,M/s Haji Bashir Ahmed  Soomro
NODISTRICT,,,Repair of Rain Damages of Small Dams Under Small Dams Organization-Loyach,Irrigation,,,Completed,25.1948556,67.6975861,M/s Haji Bashir Ahmed  Soomro
NODISTRICT,,,Repair of Rain Damages of Small Dams Under Small Dams Organization-Langeji,Irrigation,,,Completed,25.0346722,67.3463167,M/s Haji Bashir Ahmed  Soomro
NODISTRICT,,,Repair of Rain Damages of Small Dams Under Small Dams Organization-Ranpathani,Irrigation,,,Completed,24.8231,67.6558306,M/s Haji Bashir Ahmed  Soomro
NODISTRICT,,,Repair of Rain Damages Small Dams Under Sindh Resilience Project (SRP)-Upper Mole-II,Irrigation,,,Completed,25.4300278,67.4548333,M/s Thadani Enterprises
NODISTRICT,,,Repair of Rain Damages Small Dams Under Sindh Resilience Project (SRP)-Aripir,Irrigation,,,Completed,25.5095694,67.4656194,M/s Thadani Enterprises
NODISTRICT,,,Repair of Rain Damages Small Dams Under Sindh Resilience Project (SRP)-Jungshahi,Irrigation,,,Completed,24.9707389,67.6048306,M/s Thadani Enterprises
NODISTRICT,,,Repair of Rain Damages Small Dams Under Sindh Resilience Project (SRP)-Qasim Tok,Irrigation,,,Completed,26.5668722,67.3629667,M/s Thadani Enterprises
NODISTRICT,,,Repair of Rain Damages Small Dams Under Sindh Resilience Project (SRP)-Naing-II,Irrigation,,,Completed,26.3438611,67.517125,M/s Thadani Enterprises
NODISTRICT,,,Repair of Rain Damages Small Dams Under Sindh Resilience Project (SRP)-Dhall Dhoro,Irrigation,,,Completed,26.0852333,67.7656833,M/s Thadani Enterprises
NODISTRICT,,,Repair of Rain Damages Small Dams Under Sindh Resilience Project (SRP)-Gabol,Irrigation,,,Completed,26.0799194,67.7547417,M/s Thadani Enterprises
NODISTRICT,,,"Repair of Gaj Diversion Bund ledge and stone apron from RD 3-11, Repair of Gaj Diversion Bund  stone apron from RD 15-32.5",Irrigation,,,Completed,26.8636694,67.3329111,M/s Haji Bashir Ahmed  Soomro
NODISTRICT,,,Plugging and Strengthening of breach along F.P. Bund RD 432,Irrigation,,,Completed,27.5498751,67.7214753,M/s MDS & CO
NODISTRICT,,,Plugging and Strengthening of Relief Cut along Johi Branch along RD 80 to RD 86 and RD 95 to RD 98 ,Irrigation,,,Completed,27.0209889,67.7069444,M/s MS & Company 
NODISTRICT,,,Plugging and Strengthening of Breach along Saifullah Magsi Branch,Irrigation,,,Completed,27.920538,67.626783,M/s MBC & Sons 
NODISTRICT,,,Plugging and Strengthening of Breach along FP Bund along 169+000,Irrigation,,,Completed,27.920712,67.621385,M/s MBC & Sons 
NODISTRICT,,,Plugging and Strengthening of Breach along FP Bund along RD 215+000,Irrigation,,,Completed,27.88604,67.60874,M/s MBC & Sons 
NODISTRICT,,,"Plugging, Strengthening and Stone Pitching of Breach along Superio Bund RD 52",Irrigation,,,Completed,27.2355267,67.6849885,M/s Rising Sun
NODISTRICT,,,Plugging and Strengthening of Breach along Main Nara Valley (MNV) Drain at RD 210,Irrigation,,,Completed,27.787484,67.623066,M/s Thandani Enterprises
NODISTRICT,,,Rehabilitation of Mehar Main Drain,Irrigation,,,Completed,27.18821,67.69245,M/s Haji Bashir Ahmed Soomro
NODISTRICT,,,"Plugging, Strengthening and Stone Pitching of Breach along Superio Bund RD 12",Irrigation,,,Completed,27.1429367,67.6784044,M/s MS & Company
NODISTRICT,,,"Plugging, Strengthening and Stone Pitching of Breach along Superio Bund RD 28",Irrigation,,,Completed,27.1711946,67.668862,M/s MS & Company
NODISTRICT,,,"Plugging, Strengthening and Stone Pitching of Breach along Superio Bund RD 42",Irrigation,,,Completed,27.2100696,67.6788486,M/s Rising Sun 
NODISTRICT,,,Rehabilitation of Manchar Containing Bund (RD 0+000 to RD 27+000),Irrigation,,,Completed,26.398889,67.831111,M/s Al-Ramzan Construction Company
NODISTRICT,,,Rehabilitation of Manchar Containing Bund (RD 27+000 to RD 54+000),Irrigation,,,Completed,26.416389,67.750278,M/s MDS & Company
NODISTRICT,,,Rehabilitation of Manchar Containing Bund (RD 54+000 to RD 77+000),Irrigation,,,Completed,26.451667,67.694167,M/s Haji Bashir Ahmed Soomro
NODISTRICT,,,Rehabilitation of Manchar Containing Bund (RD 77+000 to RD 100+000),Irrigation,,,Completed,27.063611,67.565833,M/s Abdual Ghaffar Memon
NODISTRICT,,,Rehabilitation of FP Bund (RD 160+000 to RD 210+000),Irrigation,,,On-going ,26.94,67.641944,M/s Thadani Enterprises
NODISTRICT,,,Rehabilitation of FP Bund (RD 325+000 to RD 380+000),Irrigation,,,On-going ,27.391766,67.672529,M/s Saeed Khan Construction Company
NODISTRICT,,,Rehabilitation of FP Bund (RD 380+000 to RD 445+000),Irrigation,,,On-going ,27.507951,67.663195,M/s Saeed Khan Construction Company
NODISTRICT,,,Rehabilitation of FP Bund (RD 445+000 to RD 490+000),Irrigation,,,On-going ,27.633036,67.759401,M/s Abdual Ghaffar Memon
NODISTRICT,,,"Rehabilitation of FP Bund
(RD 490+000 to RD 502+000 & RD 263+000 to RD 220+000)",Irrigation,,,On-going ,27.679552,67.722877,M/s Thadani Enterprises
NODISTRICT,,,Rehabilitation of FP Bund (RD 220+000 to RD 169+000),Irrigation,,,On-going ,27.8423,67.604314,M/s MDS & Company
NODISTRICT,,,Rehabilitation of Left Aral Bund (RD 0+000 TO RD 19+000),Irrigation,,,On-going ,26.428611,67.844722,M/s MS & Company
NODISTRICT,,,Remodeling & Rehabilitation of Aral Head Regulator (MC RD 0+000) ,Irrigation,,,On-going ,26.427983,67.845083,M/s Al-Ramzan Construction Company
NODISTRICT,,,Remodeling and Rehabilitation of Aral Wah (RD 1+250 TO RD 0+000 & RD 0+000 TO 14+000) ,Irrigation,,,On-going ,26.402114,67.831614,M/s Rising Sun 
NODISTRICT,,,Rehabilitation of Danistar Canal (RD 0+000 TO 27+440),Irrigation,,,Completed,26.436944,67.792222,M/s MS & Company 
NODISTRICT,,,Rehabilitation of Danistar Canal (RD 27+440 TO 56+434),Irrigation,,,Completed,26.436944,67.792222,M/s Thadani Enterprises 
NODISTRICT,,,Remodeling and Rehabilitation of Danister Tail Regulator and Regulator for 10 Phats (Minors) Danister Canal (Civil Works),Irrigation,,,On-going ,26.442222,67.698889,M/s Saeed Khan Construction Co
NODISTRICT,,,Rehabilitation of Dhoro Puran (RD 110+000 to RD 143+330),Irrigation,,,On-going ,24.510111,69.155558,M/S MBC & Sons 
NODISTRICT,,,Rehabilitation of Dhoro Puran (RD 143+330 to RD 176+400),Irrigation,,,On-going ,24.555903,69.231292,M/S MBC & Sons 
NODISTRICT,,,Rehabilitation of Dhoro Puran (RD 176+400 to RD 210+000),Irrigation,,,On-going ,24.621514,69.2433,M/S MBC & Sons 
NODISTRICT,,,Rehabilitation of Dhoro Puran (RD 210+000 to RD 222+130) and Main Drain (RD 212+300 to RD 217+600),Irrigation,,,On-going ,24.6786,69.217192,M/S MBC & Sons 
NODISTRICT,,,Rehabilitation of Outfall Structure at RD 210+000 of Dhoro Puran,Irrigation,,,On-going ,24.679658,69.216183,M/S MBC & Sons 
NODISTRICT,,,Rehabilitation of Retaining Wall (3RDs along Danistar Canal (Bubak/ Miani Town),Irrigation,,,Completed,26.445022,67.718261,M/s Haji Basheer Ahmed Soomro
NODISTRICT,,,Remodeling of Shaheed Benazirabad Storm Water Drain (RD 16+556 TO RD 39+590),Irrigation,,,Completed,26.232556,68.363856,M/s Mumtaz Builders
NODISTRICT,,,Remodeling  of Shaheed Benazirabad Storm water Drain (RD 0+000 to RD 16+556),Irrigation,,,Completed,26.197028,68.332739,M/s MDS & CO
NODISTRICT,,,Rehabilitation of FP BUND (RD 0+000 TO RD 20+000 & RD 75+000 TO RD 160+000),Irrigation,,,On-going ,26.509478,67.623992,M/s Haji Basheer Ahmed Soomro
NODISTRICT,,,Rehabilitation of FP BUND (RD210+000 to 265+000),Irrigation,,,On-going ,26.94,67.641944,M/s Saeed Khan Construction Company
NODISTRICT,,,Rehabilitation of FP BUND (RD265+000 to 325+000),Irrigation,,,On-going ,27.206393,67.597207,M/s Saeed Khan Construction Company
NODISTRICT,,,Rehabilitation of Old Waterway to Desert of Khairpur,Irrigation,,,Completed,26.671389,68.437222,M/s Abdul Hakeem Chachar
NODISTRICT,,,"Rehabilitation of Gates in Aral Head Regulator, Danister Tail Regulator and 10 Phats (Minors) Regulators",Irrigation,,,On-going ,26.442297,67.699019,M/s Thadani Enterprises 
NODISTRICT,,, Rehabilitation of Talpur Wada Pumping Station And Water Carrier Drain ,Irrigation,,,On-going ,27.184525,68.592519, M/s Shaikh Associate & Construction Co 
NODISTRICT,,, Rehabilitation of G & F Pumping Station ,Irrigation,,,On-going ,27.134008,68.422767, M/s Shaikh Associate & Construction Co 
NODISTRICT,,, Rehabilitation of Karampur Ring Bund ,Irrigation,,,On-going ,26.466491,67.849836, M/s MS & Company 
NODISTRICT,,,PACKAGE No.1- LOT NO.1 FLOOD DETENTION DAM LAT- 01 (DD/W-L01 ALONG LAT NAI),Irrigation,,,On-going,25.152778,67.231389,M/S Abdul Ghaffar Memon
NODISTRICT,,,PACKAGE No.1- LOT NO.2 FLOOD DETENTION DAM LAT- 02 (DD/W-L02 ALONG LAT NAI),Irrigation,,,On-going,25.146119,67.247778,M/S Al Ramzan Construction Company
NODISTRICT,,,PACKAGE No.2- LOT NO.1 FLOOD DETENTION DAM LAT- 03 (DD/W-L03 ALONG LAT NAI),Irrigation,,,On-going,25.107622,67.241417,M/S Niaz Muhammad Khan Brothers
NODISTRICT,,,PACKAGE No.2- LOT NO.2 FLOOD DETENTION DAM LAT- 04 (DD/W-L04 ALONG LAT NAI),Irrigation,,,On-going,25.3625,67.470833,M/S Thadani Enterprises
NODISTRICT,,,PACKAGE NO.3- FLOOD DETENTION DAM MOLE- 02 (DD/W- M02 ALONG MOLE NAI),Irrigation,,,On-going,25.641506,67.415781,M/S Thadani Enterprises
NODISTRICT,,,PACKAGE NO.4- LOT NO.1 FLOOD DETENTION DAM MOLE- 03 (DD/W- M03 ALONG MOLE NAI),Irrigation,,,On-going,25.565208,67.438178,M/S MDS & CO
NODISTRICT,,,PACKAGE NO.4- LOT NO.2 FLOOD DETENTION DAM MOLE- 04 (DD/W- M04 ALONG MOLE NAI),Irrigation,,,On-going,25.520319,67.443833,M/S Saeed Khan Construction Company
NODISTRICT,,,PACKAGE NO.5- LOT NO.1 FLOOD DETENTION DAM MOLE- 05 (DD/W- M5 ALONG MOLE NAI),Irrigation,,,On-going,25.477056,67.478761,M/S Mumtaz & Co
NODISTRICT,,,PACKAGE NO.5- LOT NO.2 FLOOD DETENTION DAM MOLE- 06 (DD/W- M6 ALONG MOLE NAI),Irrigation,,,On-going,25.402597,67.446961,M/S Noor ul Haq & Bothers
NODISTRICT,,,PACKAGE NO.6- LOT NO.1 FLOOD DETENTION DAM MOLE- 07 (DD/W- M7 ALONG MOLE NAI),Irrigation,,,On-going,25.377422,67.43325,M/S Haji Bashir Ahmed Soomro
NODISTRICT,,,PACKAGE NO.6- LOT NO.2 FLOOD DETENTION DAM MOLE- 08 (DD/W- M8 ALONG MOLE NAI),Irrigation,,,On-going,25.246389,67.478889,M/S MDS & CO
NODISTRICT,,,Rehabilitation of Shikarpur Branch Drain System,Irrigation,,,On-going,27.942867,68.552572,M/s Haji Sultan Ahmed Katto & Sons
NODISTRICT,,,Rehabilitation of Suprio Bund,Irrigation,,,On-going,27.105336,67.674081,M/S Mumtaz & Co
NODISTRICT,,,Rehabilitation of Pharho Escape from RD 0+000 to 30+000 Both Sides in Khairpur Gambo Sub Division of Nasir Division,Irrigation,,,On-going,24.959239,69.197656,M/s Orient Engineering Works
NODISTRICT,,,Raising & Rehabilitation (Earthwork) along Oderolal Escape from RD 0+000 TO 71+000 NIP SIDE i/c Installation of New Gates to incease capacity of water to enable escape discharge in Indus River.,Irrigation,,,On-going,25.644942,68.561106,M/S Thadani Enterprises
NODISTRICT,,,Rehabilitation/ Construction of Additional Outfall Regulator Along Ochitto Outfall Drain and Leading Channel,Irrigation,,,On-going,24.201739,67.521978,M/S Thadani Enterprises
NODISTRICT,,, Rehabilitation of Ruk Loop Bund ,Irrigation,,,On-going,27.794625,68.673806, M/s Sardar Mohammad Ashraf D.Baluch (Pvt) Ltd 
NODISTRICT,,, Rehabilitation/Re-Construction of Regulator Mile 44th of Desert Canal ,Irrigation,,,On-going,28.424933,68.869056,M/s Al-Ramzan Construction Company
NODISTRICT,,,Rehabilitation  of Irrigation Works on Johi Branch,Irrigation,,,On-going,27.009444,67.680278,M/s Thadani Enterprises 
